{
  "Sheet1": {
    "PageSetup": {
      "orientation": "portrait",
      "all_attributes": {
        "horizontalCentered": "1",
        "verticalCentered": "1"
      }
    },
    "PageMargins": {
      "top": 0.7480314960629921,
      "bottom": 0.7480314960629921,
      "left": 0.7086614173228347,
      "right": 0.7086614173228347,
      "header": 0.31496062992125984,
      "footer": 0.31496062992125984
    },
    "SheetFormatProperties": {
      "default_row_height": 14.4
    }
  }
}