{
  "page": {
    "width_pt": 612.0,
    "height_pt": 792.0,
    "printable_width_pt": 610.5999999999999,
    "printable_height_pt": 790.5,
    "margin_left_pt": 0.7,
    "margin_right_pt": 0.7,
    "margin_top_pt": 0.75,
    "margin_bottom_pt": 0.75
  },
  "layout": {
    "origin_x_pt": 204.77000427246094,
    "origin_y_pt": 303.6499938964844,
    "scale_w": 1.0104019172737915,
    "scale_h": 1.0261111789279513,
    "eff_w_pt": 202.459991455078,
    "eff_h_pt": 184.70001220703125,
    "paw_pt": 200.37569999999997,
    "pah_pt": 180.0,
    "centered_h": true,
    "centered_v": true
  },
  "fields": [
    {
      "addr": "A1",
      "merge": "A1:B2",
      "worksheet_pt": {
        "range_left": 0.0,
        "range_top": 0.0,
        "range_width": 100.1878,
        "range_height": 30.0
      },
      "page_pt": {
        "left": 204.77,
        "top": 303.65,
        "width": 101.23,
        "height": 30.7833
      },
      "pixel": {
        "left": 853.21,
        "top": 1265.21,
        "width": 421.79,
        "height": 128.26
      },
      "ratio": {
        "left": 0.334592,
        "top": 0.383396,
        "width": 0.165408,
        "height": 0.038868
      }
    },
    {
      "addr": "C1",
      "merge": "C1:D2",
      "worksheet_pt": {
        "range_left": 100.1878,
        "range_top": 0.0,
        "range_width": 100.1878,
        "range_height": 30.0
      },
      "page_pt": {
        "left": 306.0,
        "top": 303.65,
        "width": 101.23,
        "height": 30.7833
      },
      "pixel": {
        "left": 1275.0,
        "top": 1265.21,
        "width": 421.79,
        "height": 128.26
      },
      "ratio": {
        "left": 0.5,
        "top": 0.383396,
        "width": 0.165408,
        "height": 0.038868
      }
    },
    {
      "addr": "E1",
      "merge": null,
      "worksheet_pt": {
        "range_left": 200.3757,
        "range_top": 0.0,
        "range_width": 50.0939,
        "range_height": 15.0
      },
      "page_pt": {
        "left": 407.23,
        "top": 303.65,
        "width": 50.615,
        "height": 15.3917
      },
      "pixel": {
        "left": 1696.79,
        "top": 1265.21,
        "width": 210.9,
        "height": 64.13
      },
      "ratio": {
        "left": 0.665408,
        "top": 0.383396,
        "width": 0.082704,
        "height": 0.019434
      }
    },
    {
      "addr": "F1",
      "merge": null,
      "worksheet_pt": {
        "range_left": 250.4696,
        "range_top": 0.0,
        "range_width": 50.0939,
        "range_height": 15.0
      },
      "page_pt": {
        "left": 457.845,
        "top": 303.65,
        "width": 50.615,
        "height": 15.3917
      },
      "pixel": {
        "left": 1907.69,
        "top": 1265.21,
        "width": 210.9,
        "height": 64.13
      },
      "ratio": {
        "left": 0.748113,
        "top": 0.383396,
        "width": 0.082704,
        "height": 0.019434
      }
    },
    {
      "addr": "G1",
      "merge": null,
      "worksheet_pt": {
        "range_left": 300.5635,
        "range_top": 0.0,
        "range_width": 50.0939,
        "range_height": 15.0
      },
      "page_pt": {
        "left": 508.46,
        "top": 303.65,
        "width": 50.615,
        "height": 15.3917
      },
      "pixel": {
        "left": 2118.58,
        "top": 1265.21,
        "width": 210.9,
        "height": 64.13
      },
      "ratio": {
        "left": 0.830817,
        "top": 0.383396,
        "width": 0.082704,
        "height": 0.019434
      }
    },
    {
      "addr": "E2",
      "merge": null,
      "worksheet_pt": {
        "range_left": 200.3757,
        "range_top": 15.0,
        "range_width": 50.0939,
        "range_height": 15.0
      },
      "page_pt": {
        "left": 407.23,
        "top": 319.0417,
        "width": 50.615,
        "height": 15.3917
      },
      "pixel": {
        "left": 1696.79,
        "top": 1329.34,
        "width": 210.9,
        "height": 64.13
      },
      "ratio": {
        "left": 0.665408,
        "top": 0.40283,
        "width": 0.082704,
        "height": 0.019434
      }
    },
    {
      "addr": "F2",
      "merge": null,
      "worksheet_pt": {
        "range_left": 250.4696,
        "range_top": 15.0,
        "range_width": 50.0939,
        "range_height": 15.0
      },
      "page_pt": {
        "left": 457.845,
        "top": 319.0417,
        "width": 50.615,
        "height": 15.3917
      },
      "pixel": {
        "left": 1907.69,
        "top": 1329.34,
        "width": 210.9,
        "height": 64.13
      },
      "ratio": {
        "left": 0.748113,
        "top": 0.40283,
        "width": 0.082704,
        "height": 0.019434
      }
    },
    {
      "addr": "A3",
      "merge": "A3:D4",
      "worksheet_pt": {
        "range_left": 0.0,
        "range_top": 30.0,
        "range_width": 200.3757,
        "range_height": 30.0
      },
      "page_pt": {
        "left": 204.77,
        "top": 334.4333,
        "width": 202.46,
        "height": 30.7833
      },
      "pixel": {
        "left": 853.21,
        "top": 1393.47,
        "width": 843.58,
        "height": 128.26
      },
      "ratio": {
        "left": 0.334592,
        "top": 0.422264,
        "width": 0.330817,
        "height": 0.038868
      }
    },
    {
      "addr": "E3",
      "merge": null,
      "worksheet_pt": {
        "range_left": 200.3757,
        "range_top": 30.0,
        "range_width": 50.0939,
        "range_height": 15.0
      },
      "page_pt": {
        "left": 407.23,
        "top": 334.4333,
        "width": 50.615,
        "height": 15.3917
      },
      "pixel": {
        "left": 1696.79,
        "top": 1393.47,
        "width": 210.9,
        "height": 64.13
      },
      "ratio": {
        "left": 0.665408,
        "top": 0.422264,
        "width": 0.082704,
        "height": 0.019434
      }
    },
    {
      "addr": "F3",
      "merge": null,
      "worksheet_pt": {
        "range_left": 250.4696,
        "range_top": 30.0,
        "range_width": 50.0939,
        "range_height": 15.0
      },
      "page_pt": {
        "left": 457.845,
        "top": 334.4333,
        "width": 50.615,
        "height": 15.3917
      },
      "pixel": {
        "left": 1907.69,
        "top": 1393.47,
        "width": 210.9,
        "height": 64.13
      },
      "ratio": {
        "left": 0.748113,
        "top": 0.422264,
        "width": 0.082704,
        "height": 0.019434
      }
    },
    {
      "addr": "E4",
      "merge": null,
      "worksheet_pt": {
        "range_left": 200.3757,
        "range_top": 45.0,
        "range_width": 50.0939,
        "range_height": 15.0
      },
      "page_pt": {
        "left": 407.23,
        "top": 349.825,
        "width": 50.615,
        "height": 15.3917
      },
      "pixel": {
        "left": 1696.79,
        "top": 1457.6,
        "width": 210.9,
        "height": 64.13
      },
      "ratio": {
        "left": 0.665408,
        "top": 0.441698,
        "width": 0.082704,
        "height": 0.019434
      }
    },
    {
      "addr": "F4",
      "merge": null,
      "worksheet_pt": {
        "range_left": 250.4696,
        "range_top": 45.0,
        "range_width": 50.0939,
        "range_height": 15.0
      },
      "page_pt": {
        "left": 457.845,
        "top": 349.825,
        "width": 50.615,
        "height": 15.3917
      },
      "pixel": {
        "left": 1907.69,
        "top": 1457.6,
        "width": 210.9,
        "height": 64.13
      },
      "ratio": {
        "left": 0.748113,
        "top": 0.441698,
        "width": 0.082704,
        "height": 0.019434
      }
    },
    {
      "addr": "A5",
      "merge": null,
      "worksheet_pt": {
        "range_left": 0.0,
        "range_top": 60.0,
        "range_width": 50.0939,
        "range_height": 15.0
      },
      "page_pt": {
        "left": 204.77,
        "top": 365.2167,
        "width": 50.615,
        "height": 15.3917
      },